{"cameraMode":{"drawMode":0,"name":"Shaded","section":"Shading Mode"},"sceneLighting":false,"audioPlay":false,"sceneViewState":{"m_AlwaysRefresh":false,"showFog":true,"showSkybox":false,"showFlares":true,"showImageEffects":true,"showParticleSystems":true,"showVisualEffectGraphs":true,"m_FxEnabled":true},"in2DMode":false,"pivot":{"x":-4.427187442779541,"y":22.84647560119629,"z":0.17856557667255402},"rotation":{"x":0.12133796513080597,"y":-0.45953917503356936,"z":0.06353829056024552,"w":0.8775428533554077},"size":0.4983920156955719,"orthographic":false}